treatment;season;year;cover.area.bee;cover.are.gene;logHeight.score;logSeedMass.score;num.species;observer;R.score;C.score;S.score;RatioPoll
grazed;summer;2014;4;2.5;-1.364004944;0.141847949;11;A;0.241428571;0.245396825;0.162063492;1.6
grazed;autumn;2014;2.75;2;-1.992546113;-0.657938768;10;A;0.111826087;0.148782609;0.08573913;1.375
grazed;summer;2015;0.75;2.25;-1.913058293;-0.240110985;10;B;0.183076923;0.195897436;0.106153846;0.33333333
grazed;autumn;2015;1;1.25;-1.741328616;-0.198351136;6;B;0.180689655;0.215172414;0.085862069;0.8
grazed;summer;2016;0.5;1.75;-1.684794977;-0.756833752;7;B;0.216052632;0.222631579;0.137105263;0.28571429
grazed;spring;2016;0.25;1.25;-2.358014898;-0.242814824;3;B;0.157058824;0.171764706;0.024705882;0.2
grazed;autumn;2016;12.75;2.75;-1.295057507;0.512852468;6;B;0.178902439;0.31304878;0.270365854;4.63636364
ungrazed;summer;2014;8.5;4.75;0.946714121;0.222440719;13;A;0.247363636;0.429181818;0.229181818;1.78947368
ungrazed;autumn;2014;5.75;2.5;1.276993766;0.418545082;8;A;0.164197531;0.312345679;0.154938272;2.3
ungrazed;summer;2015;4.25;0.75;-1.509476561;-0.076720541;8;B;0.184423077;0.256538462;0.179615385;5.66666667
ungrazed;autumn;2015;0.5;1.25;0.227135573;-0.860193162;8;B;0.05;0.335714286;0.114285714;0.4
ungrazed;summer;2016;2.5;0.5;-1.854620386;-0.435221503;8;B;0.080925926;0.155;0.117962963;5
ungrazed;spring;2016;0;0.75;1.592709018;0.104038592;8;B;0.115384615;0.326923077;0.096153846;0
ungrazed;autumn;2016;1;6.5;-2.364176849;-0.439832637;7;B;0.0976;0.0976;0.0456;0.15384615
grazed;summer;2014;5.5;2.5;-1.180887425;0.481387765;12;A;0.260740741;0.316296296;0.200555556;2.2
grazed;autumn;2014;7;2;-1.339550211;-0.287807589;9;A;0.219452055;0.301643836;0.137260274;3.5
grazed;summer;2015;2.75;2.75;-1.705964109;-0.214511099;11;B;0.207916667;0.239166667;0.114166667;1
grazed;spring;2015;3.5;0.75;-1.55515849;0.168874736;9;B;0.215483871;0.239677419;0.126774194;4.66666667
grazed;autumn;2015;2.5;4;-1.836557612;-0.0486241;6;B;0.285714286;0.285714286;0.071428571;0.625
grazed;summer;2016;6;5.5;-1.686827617;0.16001585;9;B;0.318253968;0.318253968;0.123809524;1.09090909
grazed;spring;2016;2.5;4;-1.774221849;0.295025358;7;B;0.300769231;0.300769231;0.089230769;0.625
grazed;autumn;2016;8;9.75;-1.253334368;0.607643699;9;B;0.277741935;0.374516129;0.066048387;0.82051282
ungrazed;summer;2014;6.25;10.5;-1.332866442;0.415042869;11;A;0.344285714;0.344285714;0.176875;0.5952381
ungrazed;autumn;2014;7.25;13.25;-1.661834873;0.224122589;12;A;0.241317365;0.245808383;0.121556886;0.54716981
ungrazed;summer;2015;7;8.25;-1.378780573;1.329393547;8;B;0.275959596;0.275959596;0.132020202;0.84848485
ungrazed;spring;2015;0.25;5;-1.932675202;0.633344316;8;B;0.3015625;0.1609375;0.1921875;0.05
ungrazed;autumn;2015;1.75;8;-1.706270083;0.178149886;7;B;0.160625;0.2153125;0.100729167;0.21875
ungrazed;summer;2016;5.25;4.25;-2.003422564;0.836627566;6;B;0.11779661;0.11779661;0.083898305;1.23529412
ungrazed;spring;2016;0.5;2.75;-1.851863393;0.528622745;10;B;0.3;0.147222222;0.272222222;0.18181818
ungrazed;autumn;2016;5;6;-1.544899391;0.839653673;6;B;0.129185185;0.158814815;0.081037037;0.83333333
grazed;summer;2014;6.75;3.75;-0.632896686;0.039060173;14;A;0.143;0.518;0.208384615;1.8
grazed;autumn;2014;2;8;-1.248878678;-0.085826619;11;A;0.211808511;0.323510638;0.09212766;0.25
grazed;summer;2015;1;2.25;0.582790545;-0.042957968;12;B;0.181470588;0.387352941;0.107941176;0.44444444
grazed;spring;2015;0.25;0.5;-1.231286906;-1.350323591;7;B;0.0875;0.3125;0.1;0.5
grazed;autumn;2015;1.25;3;0.421275141;0.40962384;9;B;0.232631579;0.311578947;0.035263158;0.41666667
grazed;summer;2016;0.75;4;-1.942582359;-0.64652832;8;B;0.1984;0.1984;0.0434;0.1875
grazed;spring;2016;1;2.25;-1.842662976;0.092853187;8;B;0.228888889;0.21037037;0.043703704;0.44444444
grazed;autumn;2016;6.5;4.75;-1.069356931;0.63958674;10;B;0.253125;0.328125;0.096875;1.36842105
ungrazed;summer;2014;1.25;17;-0.544677632;-0.098770483;13;A;0.304568966;0.427413793;0.211896552;0.07352941
ungrazed;autumn;2014;2.25;15;-0.944754692;-0.268402769;10;A;0.242905983;0.358290598;0.142478632;0.15
ungrazed;summer;2015;2.75;4.25;-0.810887844;1.002432286;13;B;0.226949153;0.404915254;0.197288136;0.64705882
ungrazed;spring;2015;0;0.75;-0.727048732;-0.596540151;4;B;0.147777778;0.481111111;0.147777778;0
ungrazed;autumn;2015;3.75;4.25;-0.880957747;1.025637527;8;B;0.164794521;0.312054795;0.178493151;0.88235294
ungrazed;summer;2016;0.25;3.75;-1.835819459;-0.562236459;7;B;0.113793103;0.113793103;0.049137931;0.06666667
ungrazed;spring;2016;0.25;1;-0.562484482;0.686574129;7;B;0.150625;0.51;0.150625;0.25
ungrazed;autumn;2016;0.75;4.75;-1.293964809;-0.589612243;7;B;0.079017857;0.212946429;0.083482143;0.15789474
grazed;summer;2014;5;4.75;-1.056809643;0.699085476;12;A;0.144622642;0.286132075;0.189433962;1.05263158
grazed;autumn;2014;4.25;3.5;-1.723727059;0.473561064;10;A;0.10328;0.15128;0.10328;1.21428571
grazed;summer;2015;4;2.75;-1.26024035;0.536521111;9;B;0.17;0.238181818;0.151060606;1.45454545
grazed;spring;2015;0.5;2.25;-1.430257485;0.056120813;8;B;0.128387097;0.200967742;0.120322581;0.22222222
grazed;autumn;2015;0.75;2.75;-1.524660115;-0.056828654;9;B;0.147234043;0.179148936;0.078085106;0.27272727
grazed;summer;2016;1;3.25;-1.826747451;-0.261733844;9;B;0.163617021;0.152978723;0.046595745;0.30769231
grazed;spring;2016;0.75;2.5;-1.895724134;0.097469355;11;B;0.171428571;0.157142857;0.071428571;0.3
grazed;autumn;2016;2;3.25;-1.645614778;-0.06298813;8;B;0.210909091;0.210909091;0.0575;0.61538462
ungrazed;summer;2014;3;8.25;-0.691036733;-0.014729213;12;A;0.129577465;0.472887324;0.185915493;0.36363636
ungrazed;autumn;2014;1.5;2.5;-0.711650652;0.431884532;10;A;0.1285;0.441;0.1785;0.6
ungrazed;summer;2015;8;5.25;-0.727628442;1.205535138;12;B;0.172605042;0.416302521;0.231428571;1.52380952
ungrazed;spring;2015;1.5;1.25;-0.51926759;0.778554029;10;B;0.115526316;0.536578947;0.240526316;1.2
ungrazed;autumn;2015;6.25;4.75;-0.550607662;1.199002858;6;B;0.101111111;0.47989899;0.164242424;1.31578947
ungrazed;summer;2016;3.75;5.5;-1.030661627;0.717843925;8;B;0.1928125;0.3490625;0.205833333;0.68181818
ungrazed;spring;2016;0.5;0.75;-0.54861403;0.44039318;8;B;0.1165;0.4665;0.2165;0.66666667
ungrazed;autumn;2016;2.5;4;-1.370321973;0.302762824;6;B;0.089433962;0.195566038;0.101226415;0.625
grazed;summer;2014;6.25;4.25;-1.176518106;1.414054418;9;A;0.189072165;0.271546392;0.104020619;1.47058824
grazed;autumn;2014;5.5;5.5;-0.971865433;1.1680748;11;A;0.160185185;0.35617284;0.050617284;1
grazed;summer;2015;5.5;2.5;-1.145737174;1.466135595;10;B;0.211904762;0.25952381;0.16031746;2.2
grazed;spring;2015;0.75;3;-0.81661038;1.022505371;7;B;0.16796875;0.44140625;0.03125;0.25
grazed;autumn;2015;1;1.75;0.053540767;0.186179146;13;B;0.159375;0.284375;0.0734375;0.57142857
grazed;summer;2016;5.75;6.5;-1.20108808;0.723590924;11;B;0.2181;0.2956;0.0881;0.88461538
grazed;spring;2016;2;2.5;-1.252122148;0.927057618;9;B;0.186153846;0.263076923;0.09;0.8
grazed;autumn;2016;1.5;4.25;-1.747025138;0.012110402;6;B;0.267;0.267;0.042;0.35294118
ungrazed;summer;2014;6.25;7.75;-0.768427282;1.252228106;11;A;0.214019608;0.336568627;0.155196078;0.80645161
ungrazed;autumn;2014;5;7.5;-0.921303274;1.100443338;7;A;0.1966;0.2716;0.1316;0.66666667
ungrazed;summer;2015;6.25;2.25;-0.930054612;1.735532125;10;B;0.242807018;0.295438596;0.194561404;2.77777778
ungrazed;spring;2015;0.5;0.75;-0.881199412;0.742776216;6;B;0.112857143;0.345;0.112857143;0.66666667
ungrazed;autumn;2015;0.25;1;-1.633657423;-1.125001604;7;B;0.050714286;0.180178571;0.055178571;0.25
ungrazed;summer;2016;0.75;2.25;-1.255691495;-0.175674466;9;B;0.090909091;0.254545455;0.109090909;0.33333333
ungrazed;spring;2016;0.75;1.25;-0.960572843;0.57268136;9;B;0.13125;0.360416667;0.172916667;0.6
ungrazed;autumn;2016;0.5;4.25;-1.424576548;-0.464027131;9;B;0.107183099;0.177605634;0.082535211;0.11764706
grazed;summer;2014;3.75;11.25;-0.754769324;1.104396825;12;A;0.220714286;0.485;0.043928571;0.33333333
grazed;autumn;2014;7.5;9.5;-0.947480198;1.236108117;9;A;0.200404624;0.391156069;0.060231214;0.78947368
grazed;summer;2015;4.75;6;-1.416367922;1.029048967;11;B;0.203469388;0.249387755;0.086122449;0.79166667
grazed;spring;2015;1.25;3.75;-0.829659201;1.130514235;7;B;0.2015625;0.4515625;0.03359375;0.33333333
grazed;autumn;2015;2.25;5.5;-2.051579354;0.176150211;11;B;0.167261905;0.176190476;0.060119048;0.40909091
grazed;summer;2016;8;11.25;-1.310822915;0.897377502;13;B;0.255886525;0.305531915;0.083900709;0.71111111
grazed;spring;2016;0.5;2;-1.888570775;0.166170198;9;B;0.117272727;0.162727273;0.037727273;0.25
grazed;autumn;2016;4.5;2.5;-1.776646968;0.039150177;6;B;0.274545455;0.274545455;0.109772727;1.8
ungrazed;summer;2014;13.25;3.5;-1.186371609;1.788333987;8;A;0.221869159;0.212523364;0.18682243;3.78571429
ungrazed;autumn;2014;11.75;2.75;-1.531627349;1.413625101;7;A;0.138913043;0.153405797;0.12442029;4.27272727
ungrazed;summer;2015;5;3.5;-1.624291269;0.98329504;12;B;0.143269231;0.1625;0.095192308;1.42857143
ungrazed;spring;2015;0.25;0.75;-3.862012585;-1.555874867;4;B;0.020307692;0.020307692;0.020307692;0.33333333
ungrazed;autumn;2015;2.5;6;-1.840119493;0.070471922;7;B;0.056511628;0.168914729;0.037131783;0.41666667
ungrazed;summer;2016;5;4.25;-2.022283128;0.709791923;5;B;0.102426471;0.102426471;0.065661765;1.17647059
ungrazed;spring;2016;0.75;1.25;-1.212783434;1.150841433;5;B;0.192105263;0.297368421;0.086842105;0.6
ungrazed;autumn;2016;0.25;5.25;-1.762555928;-0.520615321;6;B;0.119634146;0.211097561;0.058658537;0.04761905
grazed;summer;2014;6.25;3.5;-1.637929868;1.121285947;9;A;0.15752809;0.18;0.098539326;1.78571429
grazed;autumn;2014;1.25;5.75;-2.865442375;-1.335974049;7;A;0.110582524;0.110582524;0.049902913;0.2173913
grazed;summer;2015;5;4.5;-1.550412981;1.011298154;12;B;0.192531646;0.205189873;0.09443038;1.11111111
grazed;spring;2015;0.5;1.5;-2.922222487;-0.738157693;7;B;0.07744186;0.07744186;0.030930233;0.33333333
grazed;autumn;2015;4.25;5.25;-1.986889984;-0.091747865;5;B;0.1975;0.1975;0.038409091;0.80952381
grazed;summer;2016;13.75;9.25;-1.450120668;0.570538652;8;B;0.308778626;0.308778626;0.08740458;1.48648649
grazed;spring;2016;3;3.5;-2.070591926;-0.372930042;11;B;0.184126984;0.176190476;0.069047619;0.85714286
grazed;autumn;2016;0.5;2.5;-1.875842586;-0.237191675;7;B;0.209677419;0.217741935;0.056451613;0.2
ungrazed;summer;2014;1.75;4.75;-1.979811701;0.140206549;10;A;0.182678571;0.164821429;0.115714286;0.36842105
ungrazed;autumn;2014;1.75;9;-2.406183494;-0.336078056;10;A;0.146111111;0.134206349;0.084603175;0.19444444
ungrazed;summer;2015;0.25;3.5;-2.184537542;-0.742639367;8;B;0.140892857;0.140892857;0.091785714;0.07142857
ungrazed;spring;2015;0;1;-3.038291888;-2.793780581;3;B;0.055;0.055;0.055;0
ungrazed;autumn;2015;0;3.75;-2.910110751;-1.504812904;8;B;0.073363636;0.080181818;0.027909091;0
ungrazed;summer;2016;1.5;6;-2.169913445;0.271044651;7;B;0.1495;0.1495;0.0745;0.25
ungrazed;spring;2016;0.25;1.5;-2.100348226;-0.292833425;9;B;0.111724138;0.120344828;0.077241379;0.16666667
ungrazed;autumn;2016;2.5;1;1.101328504;0.068909747;9;B;0.128541667;0.368125;0.191041667;2.5
grazed;summer;2014;4.25;0.75;-1.412562288;0.503505564;5;A;0.168148148;0.307037037;0.27;5.66666667
grazed;autumn;2014;2;1.25;-1.660480612;-0.195177171;4;A;0.143333333;0.238571429;0.238571429;1.6
grazed;summer;2015;3.75;1;-1.214048648;0.440458757;5;B;0.183636364;0.331363636;0.354090909;3.75
grazed;spring;2015;0.5;1.5;-2.019538749;0.824404949;6;B;0.282;0.207;0.307;0.33333333
grazed;autumn;2015;3.25;0.75;3.00501489;1.278538695;5;B;0.106666667;0.615;0.215;4.33333333
grazed;summer;2016;3.75;1.25;2.731083558;1.116748843;6;B;0.132424242;0.533939394;0.246060606;3
grazed;spring;2016;0.75;0.75;-1.829591148;-0.47143265;7;B;0.27125;0.20875;0.27125;1
grazed;autumn;2016;6.25;4.5;-1.239083219;0.427757639;8;B;0.148494624;0.325913978;0.151182796;1.38888889
ungrazed;summer;2014;12.5;0.75;3.278093539;1.431742366;5;A;0.062111801;0.667701863;0.149068323;16.6666667
ungrazed;autumn;2014;6.25;0.5;3.409070967;1.461768571;8;A;0.035555556;0.706851852;0.135864198;12.5
ungrazed;summer;2015;5.25;0.5;3.564235027;1.604653903;8;B;0.041908397;0.780458015;0.110610687;10.5
ungrazed;spring;2015;1;0.75;3.787170555;1.789824776;6;B;0.027941176;0.895588235;0.037745098;1.33333333
ungrazed;autumn;2015;2.5;0.5;3.715454708;1.767387116;6;B;0.017751938;0.878217054;0.042945736;5
ungrazed;summer;2016;3.75;0.5;3.729267741;1.760466382;4;B;0.022857143;0.886302521;0.058571429;7.5
ungrazed;spring;2016;0.75;0.75;3.812391725;1.833808389;6;B;0.023904762;0.919142857;0.038190476;1
ungrazed;autumn;2016;0.25;0.5;3.872494672;1.860279133;3;B;0.001650485;0.965242718;0.00407767;0.5
grazed;summer;2014;4;6;-1.087172294;0.581599519;13;A;0.148295455;0.378409091;0.085795455;0.66666667
grazed;autumn;2014;2.5;5.75;-1.612723446;0.06224345;10;A;0.121170213;0.230212766;0.062659574;0.43478261
grazed;summer;2015;3.25;4.25;-1.38091669;0.644252371;9;B;0.146911765;0.279264706;0.058676471;0.76470588
grazed;spring;2015;0.75;1.75;-2.177772151;-0.031649237;11;B;0.113095238;0.119047619;0.077380952;0.42857143
grazed;autumn;2015;0.75;2.5;-0.47488733;-0.586845374;8;B;0.086538462;0.158653846;0.024038462;0.3
grazed;summer;2016;2.75;4.75;-0.467467166;0.608711752;10;B;0.196984127;0.26047619;0.066031746;0.57894737
grazed;spring;2016;1.25;2.25;-1.950275725;0.453170386;10;B;0.137954545;0.166363636;0.058409091;0.55555556
grazed;autumn;2016;15.25;5.75;-0.856054033;-0.487937551;8;B;0.324615385;0.472967033;0.132307692;2.65217391
ungrazed;summer;2014;6.25;1.25;-1.341849668;-0.777132057;8;A;0.147195122;0.330121951;0.177682927;5
ungrazed;autumn;2014;8;0.25;-1.316050316;-1.067500422;7;A;0.158309859;0.348450704;0.207605634;32
ungrazed;summer;2015;6;1.75;-1.303957429;0.108553855;8;B;0.15971831;0.318169014;0.166760563;3.42857143
ungrazed;spring;2015;1;0.25;-1.155035679;-0.220417919;7;B;0.050555556;0.300555556;0.12;4
ungrazed;autumn;2015;2.75;0.5;-2.183792466;-2.456274894;5;B;0.043295455;0.12;0.063181818;5.5
ungrazed;summer;2016;5;1.25;-1.462645062;0.332351579;8;B;0.116578947;0.225131579;0.129736842;4
ungrazed;spring;2016;0.5;0.25;-1.250237425;-0.481426303;8;B;0.057241379;0.246896552;0.108965517;2
ungrazed;autumn;2016;1;1.25;-1.17611585;-1.58511128;7;B;0.061864407;0.316101695;0.112711864;0.8
grazed;summer;2014;0;7.5;-1.429994055;-0.882987484;8;A;0.14091954;0.270229885;0.126551724;0
grazed;autumn;2014;0;4;-1.365387676;-1.035237617;6;A;0.093661972;0.266197183;0.076056338;0
grazed;summer;2015;0.25;1.75;-2.106470214;-1.060235262;7;B;0.113666667;0.163666667;0.055333333;0.14285714
grazed;spring;2015;0;0.5;-3.109491159;-1.929465163;4;B;0.032258065;0.056451613;0.008064516;0
grazed;autumn;2015;1.5;1.5;-1.933821352;-0.776084903;5;B;0.149189189;0.18972973;0.041081081;1
grazed;summer;2016;1;1;-2.520673874;-1.245607776;5;B;0.097297297;0.097297297;0.022972973;1
grazed;spring;2016;0.5;1.25;-2.473101604;-0.604533296;7;B;0.1146875;0.1146875;0.0209375;0.4
grazed;autumn;2016;2.75;2;-1.380754181;-0.053505738;7;B;0.295833333;0.3375;0.160416667;1.375
ungrazed;summer;2014;0;1.5;-1.798448457;-1.267896818;11;A;0.068205128;0.151538462;0.138717949;0
ungrazed;autumn;2014;2.5;2.5;-1.669236726;0.313269123;11;A;0.080804598;0.167011494;0.095172414;1
ungrazed;summer;2015;0.25;3.75;-1.770256219;-1.468128227;9;B;0.085;0.182222222;0.105833333;0.06666667
ungrazed;spring;2015;0;0.5;-1.513181211;-2.859752589;6;B;0.020625;0.22375;0.0675;0
ungrazed;autumn;2015;0.5;0.75;-2.50318591;-2.997856919;7;B;0.011792453;0.077830189;0.023584906;0.66666667
ungrazed;summer;2016;3.75;1.5;-1.214890775;1.05849931;7;B;0.105;0.241363636;0.150454545;2.5
ungrazed;spring;2016;0;0.75;-1.211096886;-1.688831876;7;B;0.087777778;0.254444444;0.157222222;0
ungrazed;autumn;2016;0;0.5;-1.586779889;-4.085839692;6;B;0.011;0.1985;0.0735;0
grazed;summer;2014;8;3.75;2.358680257;0.246203143;9;A;0.109533333;0.4712;0.367866667;2.13333333
grazed;autumn;2014;0.25;7;2.266158278;-1.356032007;8;A;0.033658537;0.396463415;0.295853659;0.03571429
grazed;summer;2015;4.25;8.75;0.02916406;0.41614379;9;B;0.213292683;0.414512195;0.13097561;0.48571429
grazed;spring;2015;0.5;2.5;-1.127432727;-0.367949828;9;B;0.174545455;0.345;0.117727273;0.2
grazed;autumn;2015;5.5;2.5;1.164846901;0.286067939;9;B;0.223703704;0.436666667;0.158888889;2.2
grazed;summer;2016;5.5;4.25;-1.240960907;0.377947357;8;B;0.179710145;0.32826087;0.060144928;1.29411765
grazed;spring;2016;3;1.75;0.203378066;0.642591411;10;B;0.272142857;0.316785714;0.129285714;1.71428571
grazed;autumn;2016;1;3;-0.431210358;-0.185140197;9;B;0.082166667;0.236333333;0.0155;0.33333333
ungrazed;summer;2014;4.75;2.75;-1.573332908;0.861080331;10;A;0.095647059;0.189764706;0.066235294;1.72727273
ungrazed;autumn;2014;7.5;2.75;-1.725028106;0.996328029;8;A;0.107520661;0.148842975;0.080661157;2.72727273
ungrazed;summer;2015;7.75;3.75;-1.308285651;1.297554271;6;B;0.108396226;0.221603774;0.101320755;2.06666667
ungrazed;spring;2015;0.75;0.5;-2.936013039;-0.520862578;3;B;0.015230769;0.046;0.015230769;1.5
ungrazed;autumn;2015;4;1.5;-2.280745549;0.507970289;6;B;0.057264957;0.082905983;0.046581197;2.66666667
ungrazed;summer;2016;2;2.25;-2.018501441;0.08455519;5;B;0.037126437;0.12908046;0.028505747;0.88888889
ungrazed;spring;2016;0.5;0.5;-1.586965057;0.927382017;4;B;0.105454545;0.196363636;0.06;1
ungrazed;autumn;2016;0.5;2.5;-2.311318773;-1.122238848;4;B;0.01173913;0.106847826;0.01173913;0.2
grazed;summer;2014;2.5;5.75;-1.483304098;-1.382634669;7;A;0.182075472;0.314150943;0.125471698;0.43478261
grazed;autumn;2014;1;7;-1.550448614;-1.890715318;5;A;0.082916667;0.29125;0.069027778;0.14285714
grazed;summer;2015;3.75;3.75;-1.320974895;-0.903275942;6;B;0.265;0.34;0.14625;1
grazed;spring;2015;0.5;3.75;-1.837120736;-0.187874616;9;B;0.277391304;0.277391304;0.179565217;0.13333333
grazed;autumn;2015;10.25;4.75;-0.358242588;-0.492103232;8;B;0.268026316;0.409473684;0.129868421;2.15789474
grazed;summer;2016;9;3.5;-1.115419407;-0.160801669;8;B;0.356842105;0.374385965;0.150701754;2.57142857
grazed;spring;2016;4;2.75;-1.392983349;-0.291796481;8;B;0.291142857;0.319714286;0.162571429;1.45454545
grazed;autumn;2016;1;2.5;-2.382114647;-0.605301489;6;B;0.14326087;0.14326087;0.01826087;0.4
ungrazed;summer;2014;2.5;6.75;1.927842502;0.564469582;7;A;0.126081081;0.463918919;0.247702703;0.37037037
ungrazed;autumn;2014;0;9.75;1.374860192;0.273179918;7;A;0.044571429;0.377904762;0.196952381;0
ungrazed;summer;2015;2;9.5;1.96823332;0.264024985;8;B;0.124302326;0.519651163;0.240581395;0.21052632
ungrazed;spring;2015;0.5;2.75;-0.942626559;-0.188608161;6;B;0.154761905;0.392857143;0.071428571;0.18181818
ungrazed;autumn;2015;0;7.25;1.590285026;-0.784865855;8;B;0.022857143;0.421666667;0.138928571;0
ungrazed;summer;2016;0.25;17;-0.411419509;0.014143747;8;B;0.111392405;0.706329114;0.057594937;0.01470588
ungrazed;spring;2016;0.5;5;-0.700150816;-0.577593772;8;B;0.1015625;0.53125;0.0546875;0.1
ungrazed;autumn;2016;0;10.75;0.8249318;0.076717513;7;B;0.06754386;0.690350877;0.085087719;0
grazed;summer;2014;2.5;17.5;1.401015598;-0.293445594;14;A;0.162384615;0.429692308;0.218153846;0.14285714
grazed;autumn;2014;0;12.5;2.030020124;-0.741646353;8;A;0.1695;0.516375;0.316375;0
grazed;summer;2015;5.5;14.75;0.908303739;-0.586582849;13;B;0.159243697;0.457563025;0.17605042;0.37288136
grazed;spring;2015;0.75;5;-0.973248631;-0.375742077;11;B;0.134242424;0.444848485;0.119090909;0.15
grazed;autumn;2015;9;3.5;-1.108118872;-0.695471785;9;B;0.277692308;0.362307692;0.135384615;2.57142857
grazed;summer;2016;11.5;5.25;0.151307356;-0.002494629;11;B;0.33225;0.451;0.147875;2.19047619
grazed;spring;2016;6.5;4;-1.075221336;-0.056918785;10;B;0.285;0.355833333;0.114166667;1.625
grazed;autumn;2016;1.75;2;-1.959765381;0.193482073;7;B;0.127906977;0.174418605;0.046511628;0.875
ungrazed;summer;2014;3.75;6;1.678869695;0.042035604;9;A;0.183297872;0.281702128;0.215212766;0.625
ungrazed;summer;2015;3;10;0.948713413;0.043933535;6;B;0.152758621;0.417126437;0.141264368;0.3
ungrazed;spring;2015;0.5;2.5;0.014035653;-0.267803496;7;B;0.127692308;0.300769231;0.108461538;0.2
ungrazed;autumn;2015;0;6;0.938250228;-1.539241973;5;B;0.007857143;0.329285714;0.067380952;0
ungrazed;summer;2016;0.25;11.25;1.410279105;-0.582770182;5;B;0.009259259;0.648148148;0.095679012;0.02222222
ungrazed;spring;2016;0.25;2.25;-1.258727692;-0.569472183;6;B;0.079090909;0.317727273;0.056363636;0.11111111
ungrazed;autumn;2016;0;10;1.672602384;-0.421185644;7;B;0.038181818;0.678333333;0.132878788;0
grazed;summer;2014;2.5;19.75;0.105239207;0.913660909;11;A;0.154497041;0.607159763;0.061301775;0.12658228
grazed;autumn;2014;0.75;10;0.908544011;-0.202181936;10;A;0.079022556;0.379774436;0.090300752;0.075
grazed;summer;2015;5.75;10.75;0.46800368;0.423047827;11;B;0.194344262;0.499672131;0.102131148;0.53488372
grazed;spring;2015;0.25;4;-1.411983847;0.153446705;6;B;0.15326087;0.327173913;0.082608696;0.0625
grazed;autumn;2015;10;2;-1.528236761;-1.038798586;6;B;0.267671233;0.274520548;0.120410959;5
grazed;summer;2016;7.5;4.75;-1.426817714;-0.239286557;8;B;0.237419355;0.291182796;0.097634409;1.57894737
grazed;spring;2016;4;4.25;-1.389086133;0.12932737;11;B;0.261090909;0.324727273;0.124727273;0.94117647
grazed;autumn;2016;2.5;1;-1.316068916;-0.95387362;4;B;0.345;0.345;0.18875;2.5
ungrazed;summer;2014;0;10.25;-0.982817511;-1.316612034;8;A;0.065925926;0.399259259;0.041234568;0
ungrazed;autumn;2014;0;11.25;0.496381245;-1.424172945;7;A;0.064405594;0.309160839;0.067902098;0
ungrazed;summer;2015;0.25;9.5;-0.775154056;-0.959947496;8;B;0.0575;0.510625;0.041875;0.02631579
ungrazed;spring;2015;0;3.5;-1.486266371;-1.545326161;7;B;0.085588235;0.262058824;0.063529412;0
ungrazed;autumn;2015;0;2.5;-0.473575048;-3.357180496;5;B;0.012815534;0.085631068;0.027378641;0
ungrazed;summer;2016;0;12.5;-0.033406194;-1.175739664;6;B;0.018640777;0.470097087;0.02592233;0
ungrazed;spring;2016;0.25;2.75;-1.344784119;-0.374130389;9;B;0.037878788;0.295454545;0.03030303;0.09090909
ungrazed;autumn;2016;0;4.75;1.571946592;-1.694656885;6;B;0.017857143;0.31547619;0.130952381;0
grazed;summer;2014;5;0.25;-2.400867723;-0.677762867;6;A;0.062054795;0.113424658;0.113424658;20
grazed;autumn;2014;3.25;1.75;-2.991961614;-1.851029961;6;A;0.1175;0.1175;0.096666667;1.85714286
grazed;summer;2015;4.25;0.75;-2.078876045;-0.656704771;7;B;0.228181818;0.228181818;0.235757576;5.66666667
grazed;spring;2015;1;0.75;-3.255655076;-1.591314537;7;B;0.073030303;0.065454545;0.073030303;1.33333333
grazed;autumn;2015;2.75;0.75;-2.568070891;-1.12559193;8;B;0.12875;0.14125;0.10375;3.66666667
grazed;summer;2016;6.75;2.75;-1.727634766;-0.443144567;11;B;0.20028169;0.253098592;0.193239437;2.45454545
grazed;spring;2016;1.75;2;-2.260563818;-0.555605131;10;B;0.2;0.1296875;0.16875;0.875
grazed;autumn;2016;4.25;1.5;-1.925367055;-0.688699999;8;B;0.192666667;0.214888889;0.148222222;2.83333333
ungrazed;summer;2014;2.5;2.25;-2.202279706;-0.745791253;7;A;0.07559322;0.105254237;0.143389831;1.11111111
ungrazed;autumn;2014;3.25;2.5;-2.383417254;-1.069143958;6;A;0.058636364;0.081363636;0.123977273;1.3
ungrazed;summer;2015;2.75;2.75;3.204932343;1.520723895;8;B;0.04147541;0.555819672;0.076311475;1
ungrazed;spring;2015;0;1;-3.283414346;-1.355898573;5;B;0.07;0.043684211;0.096315789;0
ungrazed;autumn;2015;1.5;2.75;3.251901403;1.374028626;8;B;0.035670103;0.569175258;0.087216495;0.54545455
ungrazed;summer;2016;2;2;3.471756803;1.689578747;8;B;0.036928571;0.694071429;0.054785714;1
ungrazed;spring;2016;0.5;1.25;3.74066596;1.762675391;9;B;0.032421053;0.858736842;0.035052632;0.4
ungrazed;autumn;2016;0.5;1.5;3.560417038;1.594919592;5;B;0.010625;0.719609375;0.036015625;0.33333333
grazed;summer;2014;6.25;0.75;-2.165907613;-0.471093638;9;A;0.152;0.127;0.098875;8.33333333
grazed;autumn;2014;7;2;-2.059558227;-1.061337094;6;A;0.184938272;0.184938272;0.07691358;3.5
grazed;summer;2015;11;2;-1.824543286;-0.465891955;10;B;0.24027027;0.195225225;0.116396396;5.5
grazed;spring;2015;4;1.5;-1.607167764;-0.410860685;9;B;0.32969697;0.231212121;0.14030303;2.66666667
grazed;autumn;2015;11.5;1;-1.521350725;-0.841326821;5;B;0.259125;0.271625;0.09975;11.5
grazed;summer;2016;8.5;0.75;-1.995982033;-0.793083952;7;B;0.192921348;0.167640449;0.080561798;11.3333333
grazed;spring;2016;4;1.5;-2.171103213;-0.974796134;9;B;0.187586207;0.131551724;0.079827586;2.66666667
grazed;autumn;2016;11.25;1;-1.440097067;-0.874617775;6;B;0.296;0.296;0.128142857;11.25
ungrazed;summer;2014;5.5;4.25;-1.582286923;-0.69479954;12;A;0.213119266;0.300275229;0.091559633;1.29411765
ungrazed;autumn;2014;5.5;1.5;-1.583179282;-1.062737383;7;A;0.155903614;0.291445783;0.128795181;3.66666667
ungrazed;summer;2015;4.75;3;-1.574256798;-0.551694711;10;B;0.2221875;0.3003125;0.13234375;1.58333333
ungrazed;spring;2015;1;1.5;-2.214292486;-0.882092096;6;B;0.138717949;0.177179487;0.042564103;0.66666667
ungrazed;autumn;2015;3;1.5;-1.53235817;-0.873975821;7;B;0.156538462;0.300769231;0.118076923;2
ungrazed;summer;2016;1;1.75;-1.668765861;-1.191507792;8;B;0.081578947;0.239473684;0.081578947;0.57142857
ungrazed;spring;2016;0;1.25;-1.386294361;-0.717802881;7;B;0.123043478;0.296956522;0.101304348;0
ungrazed;autumn;2016;0.25;0.5;-2.297718903;-2.452572705;6;B;0.020243902;0.117804878;0.032439024;0.5
grazed;summer;2014;7.75;2;0.822898075;-0.578029585;13;A;0.166397059;0.203161765;0.228897059;3.875
grazed;autumn;2014;4.5;1.5;0.472068679;-1.409994548;7;A;0.127674419;0.150930233;0.259457364;3
grazed;summer;2015;5.5;1.5;-2.080568938;-0.018476296;11;B;0.24915493;0.12943662;0.12943662;3.66666667
grazed;spring;2015;1.25;2;-2.080330826;0.370059424;9;B;0.358666667;0.058666667;0.317;0.625
grazed;autumn;2015;5.75;2.75;-1.896238539;-1.006568942;8;B;0.271269841;0.19984127;0.136349206;2.09090909
grazed;summer;2016;14.5;1.5;-0.736003514;-0.346527455;13;B;0.25627451;0.273431373;0.121470588;9.66666667
grazed;spring;2016;4;4;-1.719044719;0.32207546;12;B;0.295932203;0.147627119;0.219661017;1
grazed;autumn;2016;17.5;2.75;-1.627941384;-0.956158136;7;B;0.234326241;0.23787234;0.106666667;6.36363636
ungrazed;summer;2014;1.75;2.5;-2.849498565;-1.817154193;10;A;0.0896;0.0996;0.076266667;0.7
ungrazed;autumn;2014;0;3;-3.103597125;-2.617759575;6;A;0.055844156;0.055844156;0.042857143;0
ungrazed;summer;2015;4.25;2;-1.804707127;0.901454855;9;B;0.125802469;0.122716049;0.131975309;2.125
ungrazed;spring;2015;0.75;1.75;-2.01184319;0.277535055;8;B;0.128387097;0.104193548;0.120322581;0.42857143
ungrazed;autumn;2015;0;2.75;-2.748872196;-3.941354158;5;B;0.063015873;0.078888889;0.063015873;0
ungrazed;summer;2016;5;3.5;-1.175961839;1.147147504;6;B;0.117349398;0.255903614;0.141445783;1.42857143
ungrazed;spring;2016;0.75;2;-1.445626258;0.768196944;8;B;0.2;0.177272727;0.211363636;0.375
ungrazed;autumn;2016;5;3.75;-0.696967688;0.822755657;7;B;0.059741379;0.314051724;0.107155172;1.33333333
grazed;summer;2014;3;6;-1.651136097;-0.391046763;10;A;0.095178571;0.220178571;0.059464286;0.5
grazed;autumn;2014;3.75;7.5;-1.689022392;-1.076350813;6;A;0.077;0.218666667;0.077;0.5
grazed;summer;2015;3;6.5;-1.654710832;-0.487870824;7;B;0.103214286;0.210357143;0.060803571;0.46153846
grazed;spring;2015;0.75;3.5;-1.918347987;-0.469345321;8;B;0.153653846;0.134423077;0.134423077;0.21428571
grazed;autumn;2015;0.75;1.75;-2.860855632;-2.149400786;6;B;0.030879121;0.058351648;0.030879121;0.42857143
grazed;summer;2016;0.25;4;-2.559441898;-2.937261884;7;B;0.048058252;0.077184466;0.048058252;0.0625
grazed;spring;2016;0.75;4;-2.160169669;-0.495719938;8;B;0.17;0.07530303;0.147272727;0.1875
grazed;autumn;2016;0.5;2.75;-2.71625795;-2.132572856;7;B;0.048314607;0.065168539;0.042696629;0.18181818
ungrazed;summer;2014;12;12.5;0.447484697;1.208894868;11;A;0.183734177;0.321392405;0.174240506;0.96
ungrazed;autumn;2014;6.25;13.25;0.454943212;0.780105871;8;A;0.11;0.319150327;0.142679739;0.47169811
ungrazed;summer;2015;22;13;0.141149141;1.86355156;8;B;0.258674699;0.361084337;0.252650602;1.69230769
ungrazed;spring;2015;2.5;6.75;-0.495932525;0.772202165;11;B;0.211803279;0.260983607;0.195409836;0.37037037
ungrazed;autumn;2015;7;13;-1.301192853;0.855367858;7;B;0.151448276;0.234206897;0.161793103;0.53846154
ungrazed;summer;2016;6.25;14.75;-0.579813034;1.141980291;5;B;0.10293578;0.561651376;0.10293578;0.42372881
ungrazed;spring;2016;1;4.75;-1.08321751;0.606226175;8;B;0.206944444;0.304166667;0.206944444;0.21052632
ungrazed;autumn;2016;0;13.75;-0.894284652;-1.440841062;4;B;0.031428571;0.46;0.031428571;0
grazed;summer;2014;2;15.5;-1.425612857;-0.497842581;10;A;0.161583333;0.319916667;0.099083333;0.12903226
grazed;autumn;2014;0.75;7.75;-1.964694029;-2.101050655;9;A;0.064770642;0.177155963;0.069357798;0.09677419
grazed;summer;2015;1.75;8.75;-1.688375906;-0.583715651;9;B;0.12175;0.205083333;0.088416667;0.2
grazed;spring;2015;0.25;5.75;-1.823469068;-0.658520055;10;B;0.158333333;0.165909091;0.143181818;0.04347826
grazed;autumn;2015;0.25;3.25;-2.709897144;-2.782019022;6;B;0.046309524;0.08202381;0.037380952;0.07692308
grazed;summer;2016;1.25;7.5;-0.675079678;-1.76606379;10;B;0.134390244;0.198414634;0.116097561;0.16666667
grazed;spring;2016;0.5;3.75;-1.806649782;-0.380235033;10;B;0.1928;0.1378;0.1678;0.13333333
grazed;autumn;2016;1.25;3.25;-2.293460185;-2.094542381;7;B;0.10390625;0.1078125;0.084375;0.38461538
ungrazed;summer;2014;0;12.5;1.919295165;0.551166378;12;A;0.125471698;0.526415094;0.111320755;0
ungrazed;autumn;2014;0;12;1.953275998;0.543726047;8;A;0.082890625;0.536015625;0.06921875;0
ungrazed;summer;2015;0;11.75;1.8347669;0.525028455;10;B;0.168086957;0.446347826;0.124608696;0
ungrazed;spring;2015;0;8;2.309881977;0.98296171;11;B;0.153285714;0.496142857;0.135428571;0
ungrazed;autumn;2015;0;4.5;2.242878844;0.763703513;7;B;0.093225806;0.415806452;0.060967742;0
ungrazed;summer;2016;12.5;7.25;2.120002884;1.625285644;6;B;0.156804124;0.517628866;0.11814433;1.72413793
ungrazed;spring;2016;0.25;4.25;2.63532179;1.31798231;11;B;0.1464;0.5314;0.1414;0.05882353
ungrazed;autumn;2016;3.75;4.75;2.434209543;1.365956183;6;B;0.096043165;0.55647482;0.060071942;0.78947368
grazed;summer;2014;1.5;15;1.110628138;-0.826954685;15;A;0.148705036;0.339352518;0.18647482;0.1
grazed;autumn;2014;1.5;17.75;1.321176969;-1.55669667;10;A;0.114166667;0.301666667;0.16625;0.08450704
grazed;summer;2015;2.5;11;1.025194528;-0.95101601;12;B;0.122;0.335043478;0.15026087;0.22727273
grazed;spring;2015;0.5;5.25;-1.689052471;-1.013627144;11;B;0.125833333;0.200833333;0.088333333;0.0952381
grazed;autumn;2015;5;4.25;0.009271901;-1.664774634;8;B;0.152307692;0.190769231;0.108351648;1.17647059
grazed;summer;2016;7.5;11.25;-1.434757656;-1.408505834;9;B;0.196153846;0.257692308;0.123076923;0.66666667
grazed;spring;2016;4.25;4;-1.48981629;-0.47729798;11;B;0.1853125;0.24390625;0.10328125;1.0625
grazed;autumn;2016;6.25;5.75;-1.370681583;-1.014760924;7;B;0.268823529;0.290882353;0.1475;1.08695652
ungrazed;summer;2014;0.5;16.25;-1.364773225;-1.242943262;11;A;0.191491228;0.266052632;0.187105263;0.03076923
ungrazed;autumn;2014;0;13.75;-0.995463592;-1.11611121;8;A;0.1405;0.428;0.1155;0
ungrazed;summer;2015;0.5;23.25;-1.253283177;-1.453849631;8;B;0.194087591;0.318175182;0.190437956;0.02150538
ungrazed;spring;2015;0;10.25;-1.124391742;-1.279542531;7;B;0.2544;0.3444;0.2544;0
ungrazed;autumn;2015;0;7.25;-1.950643556;-2.158167277;6;B;0.106190476;0.141904762;0.094285714;0
ungrazed;summer;2016;0;7;-1.6462501;-1.917299293;6;B;0.040190476;0.206857143;0.037809524;0
ungrazed;spring;2016;0;7.75;-1.219047987;-1.209004947;7;B;0.216136364;0.335454545;0.216136364;0
ungrazed;autumn;2016;0;7.75;-1.304017753;-1.590123323;5;B;0.045365854;0.301463415;0.042317073;0
grazed;summer;2014;2.5;15;-1.317643935;-0.384855942;12;A;0.259851852;0.252444444;0.226518519;0.16666667
grazed;autumn;2014;6.25;12.5;-1.238105107;-0.392569419;8;A;0.192554745;0.323941606;0.117737226;0.5
grazed;summer;2015;6.25;14.5;-1.12318963;-0.286803493;9;B;0.256814815;0.330888889;0.188296296;0.43103448
grazed;spring;2015;2.5;8.25;-1.303003178;-0.283819923;10;B;0.244597701;0.26183908;0.204367816;0.3030303
grazed;autumn;2015;5.5;7.25;-1.457302941;-0.905953456;10;B;0.194787234;0.247978723;0.130957447;0.75862069
grazed;summer;2016;5.5;12;-1.272123712;-1.243631634;9;B;0.211603774;0.291792453;0.164433962;0.45833333
grazed;spring;2016;5;8.25;-1.292744053;-0.687410295;11;B;0.282716049;0.258024691;0.211728395;0.60606061
grazed;autumn;2016;2.5;8.75;-1.568992459;-1.663224026;8;B;0.167764706;0.220705882;0.138352941;0.28571429
ungrazed;summer;2014;10;23.75;-1.331686849;-0.578174351;15;A;0.332317073;0.317073171;0.243902439;0.42105263
ungrazed;autumn;2014;5.75;16.5;-1.296269322;-0.9607611;15;A;0.275546218;0.325966387;0.187310924;0.34848485
ungrazed;summer;2015;1.75;18.5;-1.28341497;-0.65131098;15;B;0.247154472;0.308130081;0.23699187;0.09459459
ungrazed;spring;2015;0.75;12.5;-1.615647629;-0.540666522;13;B;0.3;0.246428571;0.270238095;0.06
ungrazed;autumn;2015;3;9.25;-1.660157822;-1.58388685;11;B;0.082097902;0.185244755;0.103076923;0.32432432
ungrazed;summer;2016;0.75;8.5;-1.523642552;-0.923432377;12;B;0.11733945;0.229724771;0.101284404;0.08823529
ungrazed;spring;2016;0.25;4.25;-1.40948314;-0.169135642;11;B;0.231489362;0.220851064;0.226170213;0.05882353
ungrazed;autumn;2016;1.75;5;-1.89423311;-1.689594249;10;B;0.046893204;0.151262136;0.073592233;0.35
grazed;summer;2014;4.75;8;-1.118956729;0.926307165;9;A;0.092037037;0.284166667;0.163796296;0.59375
grazed;autumn;2014;5;7;-1.431964398;0.09323096;9;A;0.108660714;0.242589286;0.115357143;0.71428571
grazed;summer;2015;3.75;6.25;-0.111476743;-0.589547962;10;B;0.252073171;0.316097561;0.191097561;0.6
grazed;spring;2015;1.75;3.25;-1.621942673;-0.552028098;7;B;0.10754386;0.182105263;0.151403509;0.53846154
grazed;autumn;2015;3.25;3;-1.488030371;-0.297348742;10;B;0.185882353;0.225098039;0.161372549;1.08333333
grazed;summer;2016;3;5.75;-1.386823602;-0.521758516;8;B;0.203333333;0.250952381;0.215238095;0.52173913
grazed;spring;2016;1.5;2.75;-1.740591183;-0.171927374;8;B;0.1405;0.17175;0.1655;0.54545455
grazed;autumn;2016;9;6.75;-1.272044898;-0.096303547;7;B;0.278928571;0.284880952;0.20452381;1.33333333
ungrazed;summer;2014;2.25;1.5;-2.306813429;0.184062574;8;A;0.069493671;0.069493671;0.101139241;1.5
ungrazed;autumn;2014;0;5;-1.759918863;-1.483760937;5;A;0.017764706;0.150117647;0.067764706;0
ungrazed;summer;2015;0.5;5.75;-1.867644167;-0.27880609;5;B;0.075384615;0.090769231;0.221538462;0.08695652
ungrazed;spring;2015;0.25;0.75;-2.608204866;-0.472002069;4;B;0.0468;0.0468;0.1068;0.33333333
ungrazed;autumn;2015;0.25;5.25;-1.990420691;-0.452304502;5;B;0.080172414;0.071551724;0.248275862;0.04761905
ungrazed;summer;2016;5;4.75;-1.698977736;0.668858922;6;B;0.139583333;0.15;0.156944444;1.05263158
ungrazed;spring;2016;0.25;1.5;-1.918961727;0.15359951;4;B;0.102777778;0.075;0.269444444;0.16666667
ungrazed;autumn;2016;0.75;6.5;-1.814167761;-0.154118237;6;B;0.102272727;0.119318182;0.213068182;0.11538462
grazed;summer;2014;1.5;5.75;-2.145123574;0.74125224;7;A;0.110119048;0.12202381;0.110119048;0.26086957
grazed;autumn;2014;3.25;4.5;-2.189869341;0.198397014;10;A;0.106890756;0.106890756;0.071176471;0.72222222
grazed;summer;2015;5.75;2.25;-0.041155003;1.192346463;10;B;0.190684932;0.245479452;0.153013699;2.55555556
grazed;spring;2015;1;1;-2.290210989;0.027850406;8;B;0.127254902;0.068431373;0.11745098;1
grazed;autumn;2015;4.25;1;-1.924365182;-0.090724458;9;B;0.151551724;0.151551724;0.095517241;4.25
grazed;summer;2016;5.25;2.75;-1.989213123;-0.44232591;9;B;0.145568182;0.15125;0.080227273;1.90909091
grazed;spring;2016;4.5;1.25;-1.739827986;0.082426393;9;B;0.180892857;0.180892857;0.105;3.6
grazed;autumn;2016;12;2.75;-1.413323034;0.004251735;10;B;0.255505618;0.263932584;0.148764045;4.36363636
ungrazed;summer;2014;0.75;6.25;-1.229140676;-0.689554419;8;A;0.173026316;0.173026316;0.130263158;0.12
ungrazed;autumn;2014;1.25;9.25;-1.307351159;-0.811759993;7;A;0.211696429;0.211696429;0.133571429;0.13513514
ungrazed;summer;2015;0.25;10.5;-1.380408936;-0.367155372;7;B;0.135;0.135;0.181875;0.02380952
ungrazed;spring;2015;0;3.75;-1.391714429;-0.56801269;6;B;0.14972973;0.136216216;0.176756757;0
ungrazed;autumn;2015;0;7.75;-1.739652552;-1.068083084;4;B;0.044418605;0.131627907;0.186860465;0
ungrazed;summer;2016;9.75;9.75;-1.066611038;1.437539665;7;B;0.174661654;0.231052632;0.294962406;1
ungrazed;spring;2016;0.25;4.75;-1.429969425;-0.029901138;6;B;0.120769231;0.159230769;0.338717949;0.05263158
ungrazed;autumn;2016;7.5;11.5;-1.234343902;1.161891793;8;B;0.135244755;0.206923077;0.24013986;0.65217391
grazed;summer;2014;4;6.25;-0.891500171;0.847804368;8;A;0.093012048;0.412289157;0.074939759;0.64
grazed;autumn;2014;5.25;4.25;-1.782283144;0.067914089;9;A;0.118119658;0.195042735;0.047606838;1.23529412
grazed;summer;2015;4;4.25;-1.51521057;-0.036302051;8;B;0.175306122;0.246734694;0.068163265;0.94117647
grazed;spring;2015;1;2.5;-1.85769471;-1.233089662;11;B;0.095744681;0.180851064;0.063829787;0.4
grazed;autumn;2015;3.5;5;-1.891875823;-1.126004494;9;B;0.122410714;0.167053571;0.042053571;0.7
grazed;summer;2016;11;3.5;-1.434062467;-0.717714352;9;B;0.241827957;0.295591398;0.131612903;3.14285714
grazed;spring;2016;3.75;3.75;-1.496033564;0.032221785;12;B;0.211016949;0.287288136;0.062711864;1
grazed;autumn;2016;16.75;4.75;-1.38703764;-0.426828765;12;B;0.247709924;0.299236641;0.142748092;3.52631579
ungrazed;summer;2014;0.5;3.5;-1.439766899;-1.371385183;10;A;0.122857143;0.245306122;0.122857143;0.14285714
ungrazed;autumn;2014;0;3.5;-2.6076829;-2.458624307;5;A;0.080192308;0.080192308;0.070576923;0
ungrazed;summer;2015;0.25;3.25;-2.195030557;-1.171281253;5;B;0.01202381;0.098333333;0.056666667;0.07692308
ungrazed;spring;2015;0.25;1.25;-2.391465537;-0.407060208;7;B;0.040540541;0.094594595;0.054054054;0.2
ungrazed;autumn;2015;0;3.75;-2.496979231;-1.64013377;3;B;0.0272;0.0572;0.1172;0
ungrazed;summer;2016;0;13.75;-1.48305003;-1.166081322;3;B;0.022666667;0.197666667;0.147666667;0
ungrazed;spring;2016;0;1.75;-1.566799387;-1.33344976;3;B;0.015454545;0.185909091;0.117727273;0
ungrazed;autumn;2016;0;4.75;-1.323177304;-1.000982782;3;B;0.027045455;0.231590909;0.174772727;0
grazed;summer;2014;0.75;2;-2.680651227;-1.295861929;8;A;0.11;0.11;0.01625;0.375
grazed;autumn;2014;0;1.75;-3.317197407;-2.274748534;6;A;0.056597938;0.056597938;0.010206186;0
grazed;summer;2015;0;4.5;-2.720628983;-1.484476186;5;B;0.074111111;0.074111111;0.074111111;0
grazed;spring;2015;0;1.25;-3.483854615;-0.779591269;4;B;0.040444444;0.040444444;0.029333333;0
grazed;autumn;2015;0.5;3.75;-3.037073614;-1.711629095;6;B;0.05;0.059345794;0.05;0.13333333
grazed;summer;2016;1.5;2.75;-2.816428894;-1.815046021;8;B;0.064811321;0.064811321;0.06009434;0.54545455
grazed;spring;2016;0.25;2.75;-2.92309309;-1.594201322;6;B;0.053972603;0.053972603;0.07109589;0.09090909
grazed;autumn;2016;2.5;2.25;-2.887107859;-1.81654172;5;B;0.062788462;0.062788462;0.057980769;1.11111111
ungrazed;summer;2014;0;2.5;-2.980347355;-1.344529048;6;A;0.093023256;0.093023256;0;0
ungrazed;autumn;2014;0;3;-3.64517502;-1.669036038;4;A;0.054845361;0.054845361;0.013608247;0
ungrazed;summer;2015;0.25;2.5;-3.43670407;-1.318548937;3;B;0.063023256;0.063023256;0.001976744;0.1
ungrazed;spring;2015;0;0.25;-4.03371994;-2.658502748;3;B;0.03125;0.03125;0;0
ungrazed;autumn;2015;0;0.25;-5.814645067;-3.587216;2;B;0.00617284;0.00617284;0;0
ungrazed;summer;2016;0;5;-1.838279485;-2.347202158;2;B;0;0.181818182;0;0
ungrazed;autumn;2016;0;0.75;-3.325378545;-3.834301219;2;B;0;0.04109589;0;0
grazed;summer;2014;5;2;-2.008968285;-0.914280248;7;A;0.191428571;0.191428571;0.064444444;2.5
grazed;autumn;2014;7.5;5;-1.812600135;-0.991442547;6;A;0.250625;0.250625;0.125625;1.5
grazed;summer;2015;11.75;2.75;-1.849664216;-0.504181176;9;B;0.186341463;0.194471545;0.092845528;4.27272727
grazed;spring;2015;5.5;1.5;-1.869446197;-0.721622949;7;B;0.19559322;0.187118644;0.110847458;3.66666667
grazed;autumn;2015;9;1;-1.73664017;-0.74800793;6;B;0.220266667;0.220266667;0.096933333;9
grazed;summer;2016;6.75;2;-1.912132394;-0.849685413;11;B;0.186666667;0.193076923;0.096923077;3.375
grazed;spring;2016;5.5;0.75;-1.844142924;-0.362566645;7;B;0.19245614;0.183684211;0.100350877;7.33333333
grazed;autumn;2016;7;1.75;-2.092236224;-1.00454994;7;B;0.16244186;0.168255814;0.089767442;4
